Workbook

Sheet 설정
A1: 캐디 근무 인원 설정
A2: 항목 | B2: 인원 수 | C2: 설명
A3: 하우스 기본 인원 | B3: 52 | C3: 매일 출근하는 하우스 캐디 수
A4: 주중 전용 인원 | B4: 2 | C4: 월~금만 출근 (김혜민, 백지은)
A5: 주말 전용 인원 | B5: 9 | C5: 금~일만 출근 (파란글씨 인원)
A6: 최소 투입 기준 | B6: 42 | C6: 이 수 미만이면 빨간 경고 표시
A9: ▣ 색상 범례 (휴무 달력 → F/G/H열 입력 가이드)
A10: 파랑(순번당번) | C10: → F열(당번) 에 포함하여 입력
A11: 초록(벌·복귀당번) | C11: → F열(당번) 에 포함하여 입력
A12: 보라(특별반 대체) | C12: → F열(당번) 에 포함하여 입력
A13: 주황(병가·조정휴무) | C13: → H열(병가·조퇴) 에 입력
A14: 분홍(우선 휴무) | C14: → G열(일반휴무) 에 입력

Sheet 2026년 4월 투입계산
A1: 캐디 일일 투입 인원 계산표 │ 2026년 5월
A2: 날짜 | B2: 요일 | C2: 하우스 기본 | D2: 주중 추가 | E2: 주말 추가 | F2: 당번 (F) | G2: 일반 휴무(G) | H2: 병가 조퇴(H) | I2: 제외 합계 | J2: 가용인원 | K2: 예약 팀수(K) | L2: 최저 기준 | M2: 투근무 | N2: 비고
A3: 04.01 (수) | B3: 수 | C3: =설정!$B$3 -> 52 | D3: =설정!$B$4 -> 2 | E3: 0 | F3: 1 | G3: 20 | H3: 0 | I3: =F3+G3+H3 -> 21 | J3: =C3+D3+E3-I3 -> 33 | K3: 67 | L3: =설정!$B$6 -> 42 | M3: =IF(K3=0,"",K3-J3) -> 34
A4: 04.02 (목) | B4: 목 | C4: =설정!$B$3 -> 52 | D4: =설정!$B$4 -> 2 | E4: 0 | F4: 1 | G4: 0 | H4: 0 | I4: =F4+G4+H4 -> 1 | J4: =C4+D4+E4-I4 -> 53 | K4: 0 | L4: =설정!$B$6 -> 42 | M4: =IF(K4=0,"",K4-J4)
A5: 04.03 (금) | B5: 금 | C5: =설정!$B$3 -> 52 | D5: =설정!$B$4 -> 2 | E5: =설정!$B$5 -> 9 | F5: 1 | G5: 0 | H5: 0 | I5: =F5+G5+H5 -> 1 | J5: =C5+D5+E5-I5 -> 62 | K5: 0 | L5: =설정!$B$6 -> 42 | M5: =IF(K5=0,"",K5-J5)
A6: 04.04 (토) | B6: 토 | C6: =설정!$B$3 -> 52 | D6: 0 | E6: =설정!$B$5 -> 9 | F6: 1 | G6: 0 | H6: 0 | I6: =F6+G6+H6 -> 1 | J6: =C6+D6+E6-I6 -> 60 | K6: 0 | L6: =설정!$B$6 -> 42 | M6: =IF(K6=0,"",K6-J6)
A7: 04.05 (일) | B7: 일 | C7: =설정!$B$3 -> 52 | D7: 0 | E7: =설정!$B$5 -> 9 | F7: 1 | G7: 0 | H7: 0 | I7: =F7+G7+H7 -> 1 | J7: =C7+D7+E7-I7 -> 60 | K7: 0 | L7: =설정!$B$6 -> 42 | M7: =IF(K7=0,"",K7-J7)
A8: 04.06 (월) | B8: 월 | C8: =설정!$B$3 -> 52 | D8: =설정!$B$4 -> 2 | E8: 0 | F8: 1 | G8: 0 | H8: 0 | I8: =F8+G8+H8 -> 1 | J8: =C8+D8+E8-I8 -> 53 | K8: 0 | L8: =설정!$B$6 -> 42 | M8: =IF(K8=0,"",K8-J8)
A9: 04.07 (화) | B9: 화 | C9: =설정!$B$3 -> 52 | D9: =설정!$B$4 -> 2 | E9: 0 | F9: 1 | G9: 0 | H9: 0 | I9: =F9+G9+H9 -> 1 | J9: =C9+D9+E9-I9 -> 53 | K9: 0 | L9: =설정!$B$6 -> 42 | M9: =IF(K9=0,"",K9-J9)
A10: 04.08 (수) | B10: 수 | C10: =설정!$B$3 -> 52 | D10: =설정!$B$4 -> 2 | E10: 0 | F10: 1 | G10: 0 | H10: 0 | I10: =F10+G10+H10 -> 1 | J10: =C10+D10+E10-I10 -> 53 | K10: 0 | L10: =설정!$B$6 -> 42 | M10: =IF(K10=0,"",K10-J10)
A11: 04.09 (목) | B11: 목 | C11: =설정!$B$3 -> 52 | D11: =설정!$B$4 -> 2 | E11: 0 | F11: 1 | G11: 0 | H11: 0 | I11: =F11+G11+H11 -> 1 | J11: =C11+D11+E11-I11 -> 53 | K11: 0 | L11: =설정!$B$6 -> 42 | M11: =IF(K11=0,"",K11-J11)
A12: 04.10 (금) | B12: 금 | C12: =설정!$B$3 -> 52 | D12: =설정!$B$4 -> 2 | E12: =설정!$B$5 -> 9 | F12: 1 | G12: 0 | H12: 0 | I12: =F12+G12+H12 -> 1 | J12: =C12+D12+E12-I12 -> 62 | K12: 0 | L12: =설정!$B$6 -> 42 | M12: =IF(K12=0,"",K12-J12)
A13: 04.11 (토) | B13: 토 | C13: =설정!$B$3 -> 52 | D13: 0 | E13: =설정!$B$5 -> 9 | F13: 1 | G13: 0 | H13: 0 | I13: =F13+G13+H13 -> 1 | J13: =C13+D13+E13-I13 -> 60 | K13: 0 | L13: =설정!$B$6 -> 42 | M13: =IF(K13=0,"",K13-J13)
A14: 04.12 (일) | B14: 일 | C14: =설정!$B$3 -> 52 | D14: 0 | E14: =설정!$B$5 -> 9 | F14: 1 | G14: 0 | H14: 0 | I14: =F14+G14+H14 -> 1 | J14: =C14+D14+E14-I14 -> 60 | K14: 0 | L14: =설정!$B$6 -> 42 | M14: =IF(K14=0,"",K14-J14)
A15: 04.13 (월) | B15: 월 | C15: =설정!$B$3 -> 52 | D15: =설정!$B$4 -> 2 | E15: 0 | F15: 1 | G15: 0 | H15: 0 | I15: =F15+G15+H15 -> 1 | J15: =C15+D15+E15-I15 -> 53 | K15: 0 | L15: =설정!$B$6 -> 42 | M15: =IF(K15=0,"",K15-J15)
A16: 04.14 (화) | B16: 화 | C16: =설정!$B$3 -> 52 | D16: =설정!$B$4 -> 2 | E16: 0 | F16: 1 | G16: 0 | H16: 0 | I16: =F16+G16+H16 -> 1 | J16: =C16+D16+E16-I16 -> 53 | K16: 0 | L16: =설정!$B$6 -> 42 | M16: =IF(K16=0,"",K16-J16)
A17: 04.15 (수) | B17: 수 | C17: =설정!$B$3 -> 52 | D17: =설정!$B$4 -> 2 | E17: 0 | F17: 1 | G17: 0 | H17: 0 | I17: =F17+G17+H17 -> 1 | J17: =C17+D17+E17-I17 -> 53 | K17: 0 | L17: =설정!$B$6 -> 42 | M17: =IF(K17=0,"",K17-J17)
A18: 04.16 (목) | B18: 목 | C18: =설정!$B$3 -> 52 | D18: =설정!$B$4 -> 2 | E18: 0 | F18: 1 | G18: 0 | H18: 0 | I18: =F18+G18+H18 -> 1 | J18: =C18+D18+E18-I18 -> 53 | K18: 0 | L18: =설정!$B$6 -> 42 | M18: =IF(K18=0,"",K18-J18)
A19: 04.17 (금) | B19: 금 | C19: =설정!$B$3 -> 52 | D19: =설정!$B$4 -> 2 | E19: =설정!$B$5 -> 9 | F19: 1 | G19: 0 | H19: 0 | I19: =F19+G19+H19 -> 1 | J19: =C19+D19+E19-I19 -> 62 | K19: 0 | L19: =설정!$B$6 -> 42 | M19: =IF(K19=0,"",K19-J19)
A20: 04.18 (토) | B20: 토 | C20: =설정!$B$3 -> 52 | D20: 0 | E20: =설정!$B$5 -> 9 | F20: 1 | G20: 0 | H20: 0 | I20: =F20+G20+H20 -> 1 | J20: =C20+D20+E20-I20 -> 60 | K20: 0 | L20: =설정!$B$6 -> 42 | M20: =IF(K20=0,"",K20-J20)
A21: 04.19 (일) | B21: 일 | C21: =설정!$B$3 -> 52 | D21: 0 | E21: =설정!$B$5 -> 9 | F21: 1 | G21: 0 | H21: 0 | I21: =F21+G21+H21 -> 1 | J21: =C21+D21+E21-I21 -> 60 | K21: 0 | L21: =설정!$B$6 -> 42 | M21: =IF(K21=0,"",K21-J21)
A22: 04.20 (월) | B22: 월 | C22: =설정!$B$3 -> 52 | D22: =설정!$B$4 -> 2 | E22: 0 | F22: 1 | G22: 0 | H22: 0 | I22: =F22+G22+H22 -> 1 | J22: =C22+D22+E22-I22 -> 53 | K22: 0 | L22: =설정!$B$6 -> 42 | M22: =IF(K22=0,"",K22-J22)
A23: 04.21 (화) | B23: 화 | C23: =설정!$B$3 -> 52 | D23: =설정!$B$4 -> 2 | E23: 0 | F23: 1 | G23: 0 | H23: 0 | I23: =F23+G23+H23 -> 1 | J23: =C23+D23+E23-I23 -> 53 | K23: 0 | L23: =설정!$B$6 -> 42 | M23: =IF(K23=0,"",K23-J23)
A24: 04.22 (수) | B24: 수 | C24: =설정!$B$3 -> 52 | D24: =설정!$B$4 -> 2 | E24: 0 | F24: 1 | G24: 0 | H24: 0 | I24: =F24+G24+H24 -> 1 | J24: =C24+D24+E24-I24 -> 53 | K24: 0 | L24: =설정!$B$6 -> 42 | M24: =IF(K24=0,"",K24-J24)
A25: 04.23 (목) | B25: 목 | C25: =설정!$B$3 -> 52 | D25: =설정!$B$4 -> 2 | E25: 0 | F25: 1 | G25: 0 | H25: 0 | I25: =F25+G25+H25 -> 1 | J25: =C25+D25+E25-I25 -> 53 | K25: 0 | L25: =설정!$B$6 -> 42 | M25: =IF(K25=0,"",K25-J25)
A26: 04.24 (금) | B26: 금 | C26: =설정!$B$3 -> 52 | D26: =설정!$B$4 -> 2 | E26: =설정!$B$5 -> 9 | F26: 1 | G26: 0 | H26: 0 | I26: =F26+G26+H26 -> 1 | J26: =C26+D26+E26-I26 -> 62 | K26: 0 | L26: =설정!$B$6 -> 42 | M26: =IF(K26=0,"",K26-J26)
A27: 04.25 (토) | B27: 토 | C27: =설정!$B$3 -> 52 | D27: 0 | E27: =설정!$B$5 -> 9 | F27: 1 | G27: 0 | H27: 0 | I27: =F27+G27+H27 -> 1 | J27: =C27+D27+E27-I27 -> 60 | K27: 0 | L27: =설정!$B$6 -> 42 | M27: =IF(K27=0,"",K27-J27)
A28: 04.26 (일) | B28: 일 | C28: =설정!$B$3 -> 52 | D28: 0 | E28: =설정!$B$5 -> 9 | F28: 1 | G28: 0 | H28: 0 | I28: =F28+G28+H28 -> 1 | J28: =C28+D28+E28-I28 -> 60 | K28: 0 | L28: =설정!$B$6 -> 42 | M28: =IF(K28=0,"",K28-J28)
A29: 04.27 (월) | B29: 월 | C29: =설정!$B$3 -> 52 | D29: =설정!$B$4 -> 2 | E29: 0 | F29: 1 | G29: 0 | H29: 0 | I29: =F29+G29+H29 -> 1 | J29: =C29+D29+E29-I29 -> 53 | K29: 0 | L29: =설정!$B$6 -> 42 | M29: =IF(K29=0,"",K29-J29)
A30: 04.28 (화) | B30: 화 | C30: =설정!$B$3 -> 52 | D30: =설정!$B$4 -> 2 | E30: 0 | F30: 1 | G30: 0 | H30: 0 | I30: =F30+G30+H30 -> 1 | J30: =C30+D30+E30-I30 -> 53 | K30: 0 | L30: =설정!$B$6 -> 42 | M30: =IF(K30=0,"",K30-J30)
A31: 04.29 (수) | B31: 수 | C31: =설정!$B$3 -> 52 | D31: =설정!$B$4 -> 2 | E31: 0 | F31: 1 | G31: 0 | H31: 0 | I31: =F31+G31+H31 -> 1 | J31: =C31+D31+E31-I31 -> 53 | K31: 0 | L31: =설정!$B$6 -> 42 | M31: =IF(K31=0,"",K31-J31)
A32: 04.30 (목) | B32: 목 | C32: =설정!$B$3 -> 52 | D32: =설정!$B$4 -> 2 | E32: 0 | F32: 1 | G32: 0 | H32: 0 | I32: =F32+G32+H32 -> 1 | J32: =C32+D32+E32-I32 -> 53 | K32: 0 | L32: =설정!$B$6 -> 42 | M32: =IF(K32=0,"",K32-J32)
A34: 📝 입력 방법: 노란 셀에만 숫자 입력 │ F=당번(파랑·초록·보라·분홍 모두 합산) │ G=일반 우선휴무 │ H=병가·조퇴 │ K=당일 예약팀수
